latitude,longitude,free_bikes,empty_slots,name
43.665269,-79.319796,16,3,Queen St E / Woodward Ave
43.67142,-79.445947,2,13,Primrose Ave / Davenport Rd
43.666224,-79.317693,7,16,Queen St E / Rhodes Ave
43.653236,-79.376716,16,21,Bond St / Queen St E
43.663722,-79.380288,12,21,Church St / Alexander St
43.657763,-79.389165,8,17,University Ave / Gerrard St W (East Side)
43.656729,-79.382736,1,22,Edward St / Yonge St
43.664467,-79.414783,5,9,Euclid Ave / Bloor St W
43.675492,-79.388858,16,7,Yonge St / Aylmer Ave
43.674991,-79.396273,5,6,Davenport Rd / Avenue Rd
43.671944,-79.387778,9,6,Yonge St / Yorkville Ave
43.662365,-79.351104,15,4,Dundas St E / Broadview Ave
43.646144,-79.377962,25,20,Front St W / Yonge St (Hockey Hall of Fame)
43.663993,-79.358534,2,8,Gerrard St E / River St
43.657266,-79.374756,12,15,Jarvis St / Dundas St E
43.673939,-79.441159,1,13,Regal Rd / Dufferin St
43.657991,-79.340075,6,2,Morse St / Eastern Ave
43.66745,-79.329408,23,0,Alton Ave / Dundas St E (Greenwood Park)
43.672453,-79.338259,10,5,Blake St / Boultbee Ave
43.6592088,-79.3348396,10,4,Eastern Ave / Winnifred Ave
43.689211,-79.35438,2,21,Gamble Ave / Broadview Ave
43.656927,-79.378497,4,11,111 Bond St (North of Dundas St E)  - SMART
43.658295,-79.372346,4,12,Dundas St E / Pembroke St - SMART
43.6940155,-79.2889842,2,17,Victoria Park Subway Station - SMART
43.6809164,-79.4229684,0,16,Wychwood Ave / Benson Ave - SMART
43.6910667,-79.39535,0,15,Lawton Blvd / Yonge St
43.6975969,-79.39654,2,13,Yonge St / Davisville Ave
43.639832,-79.395954,20,21,Fort York  Blvd / Capreol Ct
43.667333,-79.399429,9,8,St. George St / Bloor St W
43.6480008,-79.383177,5,18,King St W / York St
43.687999,-79.38906,3,13,Rosehill Ave / Avoca Ave - SMART
43.6563889,-79.45166666666667,8,6,Bloor St W / Dundas St W
43.639179,-79.399595,15,3,Bathurst St / Fort York Blvd
43.6616667,-79.40138888888889,8,7,Spadina Ave / Willcocks St
43.66666667,-79.45833333333334,4,14,Cariboo Ave / Railpath Trail
43.6576,-79.4032,8,6,College St / Major St
43.660694,-79.379052,1,17,McGill St / Church St
43.636533,-79.395854,11,14,Queens Quay W / Dan Leckie Way
43.643667,-79.380414,8,3,25 York St – Union Station South
43.666233,-79.373327,8,6,161 Bleecker St (South of Wellesley)
43.640114,-79.393249,16,2,Spadina Ave / Fort York Blvd
43.653766,-79.4016759,14,1,Augusta Ave / Denison Sq
43.6538888888889,-79.4413888888889,10,4,Lansdowne Ave / Whytock Ave
43.6508333333333,-79.4430555555556,8,11,Sterling Rd / Dundas St W
43.6544915,-79.422634,1,7,Ossington Ave / College St
43.6543604,-79.4655296,6,5,High Park Subway Station
43.635932,-79.465083,9,8,Lake Shore Blvd W / Ellis Ave
43.634896,-79.467763,9,9,Lake Shore Blvd W / Windermere Ave
43.6314,-79.4304,7,22,Martin Goodman Trail (Marilyn Bell Park)
43.636731,-79.444966,3,15,Lake Shore Blvd W / The Boulevard Club
43.6534268,-79.4512787,4,8,Dundas St W / Roncesvalles Ave Green P -SMART
43.7112153,-79.39894,0,16,Erskine Ave / Yonge St SMART
43.655227,-79.39201,4,11,D'Arcy St / McCaul St - SMART
43.685167,-79.34962,3,8,Mortimer Ave / Carlaw Ave SMART
43.6704537,-79.39014,5,3,Cumberland St / Bay St SMART
43.641389,-79.404444,11,3,Niagara St / Tecumseth St
43.6545174,-79.3895315,12,7,Dundas St W / St. Patrick St
43.665846,-79.404998,2,13,Robert St / Bloor St W - SMART
43.671349,-79.29451,8,2,Queen St E / Hammersmith Ave
43.667208,-79.312315,1,13,Queen St. E / Eastern Ave
43.669328,-79.288949,8,10,Hubbard Blvd / Balsam Av
43.672571,-79.289,8,7,Queen St. E / Spruce Hill Rd.
43.638497,-79.39192,9,10,Lower Spadina Ave / Lake Shore Blvd W
43.662771,-79.315223,0,15,Lower Coxwell Ave /  Lake Shore Blvd E
43.66852,-79.363525,4,6,Amelia St / Sumach St
43.652473,-79.401456,2,11,Augusta Ave / Dundas St W
43.643975,-79.419576,9,22,Queen St W / Ossington Ave
43.651318,-79.36023,13,6,Trinity St /Front St E
43.656094,-79.381484,6,25,Dundas St W / Yonge St
43.670318,-79.405181,2,7,Kendal Ave / Spadina Rd
43.639444,-79.423611,14,7,King St W / Joe Shuster Way
43.67,-79.42083333333333,3,7,Yarmouth Rd / Christie St
43.671389,-79.416389,10,4,Palmerston Ave / Vermont Ave
43.68,-79.42500000000001,4,14,Christie St / Benson Ave (Wychwood Barns)
43.6394444,-79.42527777777778,7,8,King St W / Fraser Ave
43.675791,-79.40698,1,14,Macpherson Ave / Spadina Rd
43.675556,-79.410278,0,15,Bridgman Ave / Kendal Ave
43.674444,-79.414722,6,9,Bridgman Ave / Bathurst St
43.671513,-79.408317,8,5,Kendal Ave / Bernard Ave
43.6783213,-79.35822,4,14,Pretoria Ave / Broadview Ave
43.6848652,-79.356602,4,18,Broadview Ave / Westwood Ave
43.68395,-79.347046,5,10,Fulton Ave / Pape Ave
43.690537,-79.341307,9,10,Cosburn Ave / Donlands Ave
43.704461,-79.423122,1,14,Beltline Trail / Chaplin Cres
43.659195,-79.329196,11,8,Lake Shore Blvd E / Leslie St
43.682645,-79.377557,1,21,Rosedale Park (20 Scholfield Ave)
43.6475,-79.43305555555555,14,1,Mary McCormick Rec Centre (Sheridan Ave)
43.671526,-79.44874,3,14,Davenport Rd / Lansdowne Ave
43.6452972,-79.3827914,15,0,Front St W / University Ave (2)
43.6452091,-79.3960744,11,6,457 King St W
43.6555556,-79.43361111111112,17,1,Dufferin St / Sylvan Av (Dufferin Grove Park)
43.645665,-79.415345,10,9,Crawford St / Queen St W
43.660207,-79.361275,20,7,Dundas St E / Regent Park Blvd
43.648655,-79.367061,21,4,Lower Sherbourne St / The Esplanade
43.6605603,-79.3437663,3,0,Jimmie Simpson Park (Queen St E)
43.6561111,-79.36138888888888,13,1,Queen St E / Sackville St
43.652219,-79.354455,6,21,Mill St / Tannery Rd
43.650279,-79.356832,14,1,Cherry St / Distillery Ln
43.649147,-79.395504,2,7,Queen St W / Spadina Ave
43.662085,-79.397735,8,9,Willcocks St / St. George St
43.659575,-79.365769,8,6,Dundas St E / Parliament St
43.668456,-79.393899,11,10,Queen's Park / Bloor St W
43.639052,-79.399792,12,8,Fort York Blvd / Bathurst St - SMART
43.6448617,-79.42822,11,3,Alma Ave / Gladstone Ave SMART
43.660414,-79.415646,9,4,Harbord St / Clinton St
43.661975,-79.407896,0,8,Central Tech  (Harbord St)
43.65905,-79.422988,7,3,Roxton Rd / Harbord St
43.66,-79.4088888888889,2,8,Ulster St / Bathurst St
43.690564,-79.326319,4,17,Mortimer Ave / Coxwell Ave
43.688325,-79.300463,6,7,Danforth Ave / Barrington Ave
43.658938,-79.383518,7,18,College Park - Gerrard Entrance
43.683378,-79.322961,0,15,Danforth Ave / Coxwell Ave
43.6425636,-79.3762,3,11,12 Harbour St
43.6521,-79.4486,3,9,Howard Park Ave / Dundas St W - SMART
43.633473,-79.425679,7,9,Dufferin Gate - SMART
43.630254,-79.420317,14,19,Lake Shore Blvd W / Ontario Dr
43.662403,-79.423098,17,17,Bloor St W / Shaw St - SMART
43.656945,-79.424911,10,7,Concord Ave / Dewson St
43.6817346,-79.4184725,0,18,Hocken Ave / Vaughan Rd
43.683296,-79.418734,0,19,St Clair Ave W / Bathurst St.
43.673831,-79.281455,12,6,Queen St E / Nursewood Rd
43.666325,-79.3014,13,7,Kewbeach Ave / Kenilworth Ave
43.651145,-79.423742,3,12,Lakeview Ave / Harrison St (Green P) – SMART
43.654905,-79.398448,9,9,Baldwin St / Spadina Ave - SMART
43.6571,-79.4056,3,6,College St / Borden St
43.652823,-79.393388,18,10,Beverley St / Dundas St W
43.665527,-79.387499,5,9,Bay St / St. Joseph St
43.6582,-79.3768,9,22,Gould St / Mutual St
43.671172,-79.354704,8,4,Riverdale Park North (Broadview Ave)
43.677076,-79.35667,2,11,Danforth Ave / Ellerbeck St
43.678401,-79.346289,5,16,Danforth Ave / Gough Ave
43.681991,-79.329455,2,16,Danforth Ave / Lamb Ave
43.6422222,-79.41111111111111,4,10,King St W / Stafford St
43.663808,-79.410491,8,9,Bathurst St / Lennox St
43.6666667,-79.41166666666668,15,7,Bathurst Subway Station
43.6638889,-79.41888888888889,9,10,Bloor St W / Christie St
43.661705,-79.425734,1,9,Ossington Ave / Bloor St W
43.6686111,-79.42027777777778,3,14,Essex St / Christie St - SMART
43.665327,-79.43235,7,11,Westmoreland Ave / Fernbank Ave
43.657343,-79.43112,5,14,Havelock St / Dufferin Park
43.645324,-79.40345,16,9,Bathurst St / Adelaide St W
43.650256,-79.36163,11,3,Mill St / Parliament St
43.651111111111106,-79.4213888888889,7,12,Ossington Ave / Harrison St
43.656296,-79.414663,2,12,80 Clinton St
43.651281,-79.411717,5,8,Claremont St / Dundas St W
43.65277778,-79.42972222,0,13,Rusholme Park Cres / College St
43.655,-79.418889,12,6,College St / Crawford St
43.663912,-79.327987,18,0,Queen St E / Alton Av
43.6462176,-79.3855048,7,8,Simcoe St / Wellington St W North
43.69595,-79.328535,5,14,Coxwell Ave / Plains Rd
43.6753188,-79.3462789,2,12,Carlaw Ave / Strathcona Ave
43.637981,-79.424146,15,2,Liberty St / Fraser Ave Green P
43.640885,-79.416379,2,9,King St W / Douro St
43.6552778,-79.36583333333333,14,1,Queen St E / Berkeley St
43.664524,-79.36793,21,6,Carlton St / Parliament St
43.665867,-79.362506,0,13,Sumach St / Carlton St (Riverdale Farm)
43.648575,-79.380042,4,14,King St W / Bay St (East Side)
43.643473,-79.390477,12,2,Front St W / Blue Jays Way
43.645859,-79.38783,18,8,Metro Hall Plaza
43.640722,-79.391051,9,0,Navy Wharf Crt / Bremner Blvd
43.66207,-79.37617,11,4,Jarvis St / Carlton St
43.660206,-79.3244,3,8,Lake Shore Blvd E / Knox Ave
43.668633,-79.291162,12,3,Hubbard Blvd / Glen Manor Dr
43.665801,-79.384796,7,5,Yonge St / Dundonald St - SMART
43.668153,-79.38891,2,16,Bay St / Charles St W - SMART
43.7063473,-79.40161,5,15,Eglinton Ave W / Henning Ave SMART
43.6978701,-79.39419,27,6,Balliol St / Yonge St  SMART
43.696708,-79.40045,3,15,Frobisher Ave / Lascelles Blvd
43.6476616,-79.37549,2,9,Front St E / Scott St
43.6487245,-79.36839,18,1,Frederick St / The Esplanade
43.64852,-79.380576,9,30,King St W / Bay St (West Side)
43.656026,-79.385327,4,11,Elizabeth St / Edward St (Bus Terminal)
43.645323,-79.395003,9,9,King St W / Spadina Ave
43.677778,-79.405556,0,15,Glen Edyth Dr / Davenport Rd
43.641646,-79.375308,16,30,Queens Quay / Yonge St
43.646162,-79.378912,8,0,Front St W / Bay St (North Side)
43.687323,-79.304848,8,6,Danforth Ave / Westlake Ave
43.668991,-79.379385,5,15,Jarvis St / Isabella St
43.6622222,-79.3825,7,8,Yonge St / Wood St
43.64333333333333,-79.40555555555557,6,12,King St W / Tecumseth St
43.6575,-79.39527777777778,4,19,Beverley St / College St
43.657424,-79.381019,2,19,Gould St / Yonge St (TMU)
43.64595,-79.378761,17,0,Front St W / Bay St (South Side)
43.668427,-79.38725,3,20,Charles St W / Balmuto St - SMART
43.669604,-79.381171,3,16,Charles St E / Jarvis St - SMART
43.661673,-79.337789,14,0,Queen St E / Pape Ave - SMART
43.665656,-79.352055,14,3,Gerrard St E / Broadview Ave  - SMART
43.6308933,-79.4722622,18,1,Humber Bay Shores Park East
43.6224434,-79.480284,23,5,Humber Bay Shores Park West
43.66986,-79.398443,5,9,Taddle Creek Park
43.659471,-79.350325,21,1,Thompson St / Broadview Ave - SMART
43.650492,-79.450842,2,16,Roncesvalles Ave / Marmaduke St
43.640255,-79.439223,5,11,Queen St W  /  Fuller Ave - SMART
43.637922,-79.431734,9,6,King St W / Cowan Ave - SMART
43.643769,-79.447915,7,12,Garden Ave / Roncesvalles Ave
43.649172,-79.4445087,5,10,Sorauren Ave / Geoffrey St - SMART
43.66587,-79.33443,16,0,Mallon Ave / Jones Ave -SMART
43.658816,-79.367318,8,12,Berkeley St / Dundas St E - SMART
43.654004,-79.444792,4,14,128 Sterling Rd - SMART
43.6397,-79.44865,13,3,Sunnyside Ave / The Queensway - SMART
43.653809,-79.3595,11,1,Sackville St / Eastern Ave - SMART
43.673768,-79.391253,1,10,Davenport Rd / McAlpine St - SMART
43.656638,-79.358749,16,3,Sumach St  / Queen St E
43.684261,-79.299332,4,15,Gerrard St E / Main St
43.678685,-79.297974,9,2,Southwood Dr / Kingston Rd - SMART
43.65143,-79.47779,6,6,Neil McLellan Park
43.64976,-79.48477,3,12,Jane St / Bloor St W (Jane Subway Station)
43.664182,-79.449066,4,15,Antler St / Campbell Ave - SMART
43.64407,-79.3929,6,16,Clarence Square
43.6442,-79.38702,16,8,Front St W / Simcoe St
43.64283,-79.38409,5,9,Lower Simcoe St / Bremner Blvd
43.65182,-79.47421,3,13,Glendonwynne Rd / Bloor St W
43.685569,-79.408019,0,19,Russell Hill Rd / St Clair Ave W
43.651678,-79.375233,14,1,Church St / Lombard St
43.651838,-79.378743,13,3,Richmond St E / Yonge St
43.665221,-79.394009,3,17,Queen's Park Cres W / Hoskin Ave
43.688148,-79.362101,12,2,Pottery Rd / Lower Don River Trail
43.669232,-79.374495,13,9,Bleecker St / St James Ave
43.640075,-79.414156,7,24,Western Battery Rd / Pirandello St
43.678285,-79.347346,2,13,Carlaw Ave / Danforth Ave
43.697139,-79.31469,2,13,Cosburn Ave / Cedarvale Ave
43.694826,-79.295208,3,15,Goodwood Park Crt / Dentonia Park
43.673118,-79.318651,7,11,Eastwood Rd / Coxwell Ave
43.689293,-79.295895,9,14,Trent Ave / Danforth Ave
43.66908,-79.3149,15,4,Orchard Park
43.66073,-79.47149,0,19,Clendenan Ave / Rowland St - SMART
43.66189,-79.42679,1,14,Concord Ave / Bloor St W
43.65389,-79.4675,10,9,Gothic Ave / Quebec Ave
43.68114,-79.4277,1,9,Rushton Rd / St Clair Ave W
43.663148,-79.347938,13,3,Dundas St E / Boulton Ave - SMART
43.669813,-79.3335,24,0,Gerrard St E / Leslie St
43.633537,-79.437461,7,17,Marilyn Bell Park Tennis Court
43.63632,-79.47307,16,6,The Queensway at South Kingsway
43.697819,-79.38786,6,16,Merton St / Mount Pleasant Rd
43.638426,-79.429142,10,4,Tyndall Ave / King St W - SMART
43.65988,-79.38279,0,22,College Park - Yonge St Entrance
43.66842,-79.410585,13,15,Barton Ave / Howland Ave - SMART
43.66402,-79.46418,2,12,Keele St / Annette St
43.66686,-79.46526,3,20,Keele St / Vine Ave
43.671278,-79.372127,0,19,Howard St / Rose Ave
43.635023,-79.399505,2,20,Little Norway Park
43.70547,-79.40355,6,12,Lascelles Blvd / Eglinton Ave W
43.641675,-79.354006,1,22,Polson Pier
43.694341,-79.291416,2,20,Dentonia Park
43.64422,-79.36927,15,2,Lower Jarvis St / Queens Quay E
43.685924,-79.376304,4,6,Summerhill Ave / Maclennan Ave
43.645215,-79.364898,21,4,Queens Quay E / Lower Sherbourne St
43.646677,-79.442741,6,11,Wright Ave / Sorauren Ave - SMART
43.63855,-79.46693,14,4,Ellis Ave / The Queensway
43.645599,-79.4657123,6,3,High Park - Grenadier Cafe
43.674923,-79.430465,3,6,Winona Dr / Davenport Rd
43.684758,-79.316767,6,4,Danforth Ave / Aldridge Ave
43.66663,-79.38148,17,21,Dundonald St / Church St
43.685221,-79.294766,6,13,Gerrard St E / Malvern Ave - SMART
43.635492,-79.398253,19,14,Bathurst St/Queens Quay(Billy Bishop Airport)
43.63951,-79.383717,12,4,Queens Quay W / Lower Simcoe St
43.6417852,-79.4131148,21,2,King St W / Crawford St
43.655766,-79.3802,9,21,Yonge St / Dundas Sq
43.680466,-79.432522,0,11,St Clair Ave W / Winona Dr
43.664088,-79.387095,30,21,Bay St / Wellesley St W
43.65917,-79.46997,5,15,Humberside Grounds - SMART
43.671535,-79.379173,1,19,Bloor St E / Huntley St - SMART
43.646734,-79.38301,6,16,York St / Wellington St W (1) 
43.6662942,-79.4066433,4,9,Dalton Rd / Bloor St W
43.675278,-79.423889,3,23,Davenport Rd / Christie St
43.648928,-79.378623,8,1,King St W / Jordan St
43.715951,-79.351246,0,27,E.T. Seton Park (Eglinton Ave E / Leslie St)
43.665645,-79.304711,7,19,Woodbine Ave / Lake Shore Blvd E
43.645572,-79.39399,12,11,King St W / Charlotte St
43.652777,-79.372637,7,12,Jarvis St / Richmond St E
43.665538,-79.451263,8,7,Symington Ave / Dupont St
43.650325,-79.372287,22,1,King St E / Jarvis St
43.66943,-79.38915,10,1,Bay St / Bloor St W (East Side)
43.669244,-79.3894,13,5,Bay St / Bloor St W (West Side)
43.683351,-79.41562,0,14,Wells Hill Ave / St Clair Ave W
43.6574766,-79.373446,18,6,Dundas St E / George St
43.636611,-79.400042,18,4,Fleet St / Bathurst St
43.646552,-79.406468,6,3,Tecumseth St / Queen St W - SMART
43.713524,-79.400162,1,15,Briar Hill Ave / Yonge St - SMART
43.65003919999999,-79.3733541,7,5,King St E / Church St
43.663376,-79.392125,0,17,Wellesley St W / Queen's Park Cres
43.65995,-79.38964,6,12,University Ave / College St (East)
43.6146692,-79.4873148,15,2,Superior Ave / Lake Shore Blvd W
43.63771,-79.458173,6,19,Lake Shore Blvd W / Colborne Lodge Dr
43.6390437,-79.4760109,21,1,Ripley Ave / Ormskirk Ave
43.6486599,-79.4376413,8,5,St Clarens Ave / Shirley St
43.6702236,-79.4360232,0,21,Bartlett Parkette
43.6752732,-79.3778458,0,18,Sherbourne St N / Elm Ave
43.645469,-79.411084,12,2,Walnut Ave / Queen St W
43.6882821,-79.4253856,2,16,Vaughan Rd /Wychwood Ave
43.651603,-79.408346,7,13,Palmerston Ave / Dundas St W
43.670206,-79.402643,10,10,541 Huron St - SMART
43.661559,-79.413845,10,3,Euclid Ave / Herrick St - SMART
43.6560758,-79.393259,1,14,Baldwin St / Henry St
43.6580442,-79.3927404,2,12,Orde St / McCaul St
43.6568254,-79.3966159,4,14,Ross St / Cecil St - SMART
43.5927419,-79.54033009999999,19,0,Lake Shore Blvd W / Thirty Ninth Street
43.597082,-79.522768,10,8,Lake Shore Blvd W / Twenty Fourth St
43.6171635,-79.4971065,3,27,Windsor St / Newcastle St
43.612063,-79.496573,5,14,Royal York Rd / Mimico Ave
43.63732,-79.489083,18,0,Berry Rd / Bell Manor Dr
43.5961692,-79.5160575,4,23,Humber College (Lakeshore Campus)
43.613606,-79.4883535,13,14,Amos Waites Park
43.664665,-79.489385,1,22,Priscilla Ave / Dundas St W
43.665523,-79.484892,1,20,Durie St / Dundas St W
43.668496,-79.485426,11,8,St Clair Ave W / Castleton Ave
43.698841,-79.519472,0,25,Weston Lions Park
43.658574,-79.487246,4,11,Annette St / Jane St
43.63985,-79.43703,13,12,Jameson Ave / Queen St W
43.665076,-79.341509,13,1,Carlaw Ave / Dundas St E
43.6323994,-79.40978179999999,17,25,Toronto Inukshuk Park
43.6935477,-79.3301658,1,14,Cosburn Ave / Durant Ave
43.6438036,-79.4770327,7,8,Swansea Community Centre
43.65246,-79.413528,8,12,Bellwoods Ave / Treford Pl - SMART
43.6548521,-79.35397680000001,9,3,Bayview Ave / Lawren Harris Square
43.630874,-79.482407,18,3,The Queensway / High St
43.6704403,-79.45328549999999,4,11,Symington Ave / Davenport Rd
43.6535,-79.354068,20,0,Front St E / Bayview Avenue
43.6617908,-79.361515,18,8,Oak St / Sumach St
43.666051,-79.374161,10,37,439 Sherbourne St
43.7005976,-79.397345,3,13,Glebe Rd W / Yonge St
43.7029672,-79.3979073,7,8,Hillsdale Ave W / Yonge St
43.68871,-79.39264,1,18,Alvin Ave / St Clair Ave E
43.6834703,-79.5108942,2,18,Eglinton Ave W / Scarlett Rd
43.7696262,-79.5025943,1,25,The Pond Rd / Sentinel Rd
43.7641485,-79.5012809,0,26,Sentinel Rd / Finch Corridor Trail
43.76521,-79.491281,0,23,Finch West Subway Station
43.7724019,-79.4675395,0,18,Dufferin St / Finch Corridor Trail
43.7781116,-79.467963,0,19,G Ross Lord Park
43.707049,-79.40966,2,21,Elwood Blvd / Avenue Rd
43.711751,-79.378615,7,18,Roehampton Ave / Bayview Ave
43.732975,-79.40401,2,13,Teddington Park Ave
43.660274,-79.398049,11,9,Ursula Franklin St / Huron St - SMART
43.699281,-79.318802,14,5,Woodbine Ave / O'Connor Dr
43.696631,-79.297436,11,6,Dawes Rd / Taylor Creek Trl
43.6765897,-79.3163022,13,4,Fairmount Park
43.650745,-79.383633,13,4,Richmond St W / York St
43.720233,-79.362092,15,10,Sunnybrook Park
43.6926825,-79.441042,1,16,Vaughan Rd / Oakwood Ave
43.7041957,-79.4094472,1,13,Braemar Ave / Eglinton Ave W
43.5880774,-79.5432067,16,5,Marie Curtis Park
43.754978,-79.1971289,4,4,Guildwood GO Station (South)
43.6856,-79.3718,4,16,Chorley Park - SMART
43.637764,-79.345359,6,36,Cherry Beach
43.6629228,-79.4018451,13,22,Spadina Ave / Harbord St - SMART
43.660296,-79.397107,6,9,Ursula Franklin St / St. George St - SMART
43.7805505,-79.1301203,16,6,Rouge Hill GO Station
43.7777114,-79.1659711,9,10,Colonel Danforth Park
43.779353,-79.193023,3,19,Morningside Park (Highland Creek Trail)
43.747854,-79.199327,8,10,Livingston Rd / Guildwood Pkwy
43.7561681,-79.2026694,4,15,Livingston Rd (Highland Creek Trail)
43.6002896,-79.5108692,14,8,Twelfth St / Thirteenth St
43.6632257,-79.4397052,7,8,Wallace Ave / Pauline Ave
43.680095,-79.291714,7,8,Kingston Rd / Beech Ave
43.691468,-79.288619,6,12,Victoria Park Ave / Danforth Ave
43.645609,-79.380386,41,0,Union Station
43.6591666666667,-79.3855555555556,4,17,Hayter St / La Plante Ave
43.658777,-79.369596,15,17,Seaton St / Dundas St E - SMART
43.6625395,-79.5030161,7,7,Lundy Ave / Étienne Brûlé Park
43.7004017,-79.4275305,1,16,Chiltern Hill Rd / Eglinton Ave W
43.77953,-79.45233,1,12,Torresdale Ave / Antibes Dr
43.7774374,-79.4447096,0,23,Esther Shiner Stadium
43.6637403,-79.39806449999999,9,3,St. George St / Hoskin Ave
43.707045,-79.375437,4,7,Fleming Cres / Bayview Ave
43.6495789,-79.3762096,7,11,King St E / Victoria St
43.690903,-79.4375028,1,14,Alameda Ave / Vaughan Rd - SMART
43.643253094827294,-79.41230469904167,0,15,Adelaide St W / Strachan Ave
43.6029904,-79.4926867,16,0,Royal York Rd / Lake Shore Blvd W
43.6596299,-79.4799176,3,11,Runnymede Rd / Annette St
43.6608333,-79.43166666666667,1,12,Salem Ave / Bloor St W
43.66083333333333,-79.43583333333333,4,17,Dufferin St / Bloor St W
43.69933,-79.39199,2,16,Davisville Ave / Pailton Cres
43.6653032,-79.4701178,4,8,High Park Ave / Dundas St W
43.6162721,-79.4990363,5,14,Judson St / Royal York Rd
43.720645,-79.355474,7,20,Wilket Creek Park
43.6641174,-79.4588522,2,13,Annette St / Dundas St W
43.6424558,-79.4296346,1,12,Noble St / Queen St W
43.6954486,-79.4026176,3,16,Oriole Pkwy / Kilbarry Rd
43.6850809,-79.3149901,6,8,East Lynn Ave / Danforth Ave
43.6800218,-79.3405681,15,16,Langford Ave / Danforth Ave - SMART
43.7842419,-79.1849889,8,8,University of Toronto Scarborough
43.6451308,-79.36536439999999,11,3,190 Queens Quay E
43.65637299999999,-79.38781039999999,4,13,Elm St/ University Ave (East Side)
43.778015,-79.131911,14,3,Waterfront Trail (Rouge Hill)
43.672079,-79.470171,8,10,St Clair Ave W / Gunns Rd
43.690237,-79.350119,9,10,Pape Ave / Gamble Ave
43.70942,-79.39139,7,10,Roehampton Ave / Mount Pleasant Rd
43.671389,-79.382919,11,3,Church St / Bloor St E
43.671561,-79.38117,10,13,200 Bloor St E
43.693256,-79.383238,1,13,Moore Park
43.65412449999999,-79.4636388,4,3,Bloor St W / Pacific Ave
43.680207,-79.339243,7,8,Danforth Ave / Dewhurst Blvd
43.6589882,-79.438715,3,5,Bloor St W / Brock Ave
43.6741219,-79.4352208,2,14,Davenport Rd / Dovercourt Rd - SMART
43.6469928,-79.3706665,16,1,1 Market St - SMART
43.683884,-79.36647,14,4,Brick Works
43.6477785,-79.3847928,2,21,University Ave / King St W - SMART
43.6856128,-79.31168269999999,11,7,Amroth Ave / Danforth Ave
43.681944,-79.390556,1,10,Summerhill Subway Station
43.6393107,-79.4408141,8,10,Beaty Ave / Queen St W
43.68306889999999,-79.279682,10,10,Blantyre Park
43.6626628,-79.3323698,13,2,Queen St E / Rushbrooke Ave
43.681114,-79.3373885,4,9,Donlands Subway Station
43.638925,-79.4168659,11,1,Lynn Williams St / East Liberty St - SMART
43.676216,-79.309395,11,3,Eastwood Rd / Woodbine Ave - SMART
43.656633,-79.379625,30,8,285 Victoria St
43.686962,-79.286864,14,2,Gerrard St E / Victoria Park Ave - SMART
43.718039,-79.371914,7,9,Kilgour Rd / Rumsey Rd
43.672152,-79.39018,8,5,Bay St / Scollard St
43.673019,-79.467994,1,16,Weston Rd / St Clair Ave W - SMART
43.72268,-79.37644,6,8,Sunnybrook Health Centre - L Wing
43.6504218,-79.4407647,13,13,Dundas St W / St Helen's Ave - SMART
43.68850459999999,-79.3940052,1,14,Yonge St / St Clair Ave
43.641705,-79.393295,7,20,Spadina Ave / Blue Jays Way
43.647663,-79.487583,5,18,Bloor St W / Riverside Dr
43.720998,-79.377456,5,6,Sunnybrook Health Centre - S Wing
43.652327224103,-79.3882538196087,1,17,Simcoe St / Michael Sweet Ave
43.6438602,-79.4227573,4,7,Queen St W / Dovercourt Rd
43.64920406876699,-79.49336334201408,3,24,King's Mill Park
43.6399714,-79.39940399999999,4,11,135 Queens Wharf Rd - SMART
43.68827060022711,-79.43937767081853,0,18,406 Oakwood Ave
43.6614605,-79.37894570000002,0,23,Granby St / Church St - SMART
43.69413548199171,-79.30058718775287,16,4,Lumsden Ave / Eastdale Ave
43.7254665,-79.40115449999999,0,22,Yonge St / Lawrence Ave E
43.7083577,-79.39886200000001,30,5,Yonge St / Orchard View Blvd
43.7027268,-79.33368089999999,1,17,Lower Don River Trail and Taylor Creek Trail
43.70567,-79.310554,6,13,St Columba Pl / St Clair Ave E
43.635,-79.4088888888889,7,12,Strachan Ave / Princes' Blvd
43.656784782853144,-79.35627385059036,12,2,King St E / River St
43.732016,-79.403637,3,12,Yonge St / Golfdale Rd
43.67468857448634,-79.36701962396272,1,16,640 Bloor Street E
43.727365488246306,-79.3814254607724,5,10,York University (Glendon Campus) - SMART
43.6846177,-79.39245919999999,3,11,1303 Yonge St - SMART
43.77345,-79.5002,0,16,York University Station (South) - SMART
43.686442,-79.313404,6,8,Woodbine Subway Station
43.66402799999999,-79.40297869999999,1,31,Spadina Ave / Sussex Ave - SMART
43.65049,-79.3873,4,34,Simcoe St / Queen St W
43.64134790000001,-79.4013882,14,20,Bathurst St / Front St W
43.64215,-79.377,20,3,Bay St / Harbour St (East)
43.6392777,-79.4115736,3,16,East Liberty St / Western Battery Rd
43.645102,-79.39744979999999,5,15,King St W / Brant St
43.6602021,-79.4342726,2,5,Bloor St W / Gladstone Ave - SMART
43.637381,-79.406112,5,7,Fort York Blvd / Garrison Rd
43.63811,-79.397877,2,24,Housey St / Dan Leckie Way
43.64957,-79.432446,1,13,1525 Dundas St W
43.6700692,-79.2971326,19,2,85 Lee Ave
43.6559476,-79.37558829999999,1,18,Mutual St / Shuter St (Arena Gardens)
43.6677628,-79.30811709999999,14,3,Queen St E / Joseph Duggan Rd
43.6750806,-79.3068697,9,8,Heyworth Cres / Kingston Rd
43.6754247,-79.4547813,0,12,St Clair Ave W / Caledonia Rd
43.6409957,-79.40966630000001,12,6,Wellington St W / Stafford St
43.6593483,-79.34993659999999,16,0,111 Broadview Ave
43.67168,-79.421192,8,10,Christie St / Dupont St
43.652634,-79.374222,2,11,Richmond St E / Jarvis St Green P
43.6613642,-79.3641171,14,3,Oak St / Sackville St
43.6808774,-79.3304491,5,14,24 Mountjoy Ave
43.6623658,-79.3413344,19,0,Colgate Ave / Carlaw Ave
43.6791345,-79.3263159,15,11,Felstead Ave/Gillard Ave (Monarch Park)
43.6478206,-79.3704721,13,0,Lower Jarvis St / The Esplanade
43.6868681,-79.3110942,3,20,101 Cedarvale Ave
43.678177,-79.435364,0,15,St Clair Ave W / Oakwood Ave
43.6962302,-79.39504339999999,4,19,Beltline Trail / Yonge St
43.667076,-79.425116,11,4,Shaw St / Essex St - SMART
43.68005,-79.43469,3,12,St Clair Ave W / Robina Ave
43.675648,-79.4527619,7,11,Joseph J Piccininni Community Centre
43.6677246,-79.4041365,14,1,11 Spadina Rd
43.648437,-79.39838,2,9,Vanauley St / Queen St W - SMART
43.6673,-79.374,17,12,Sherbourne St / Wellesley St E
43.6517925,-79.38269509999999,10,10,Queen St W / Bay St (City Hall)
43.6372958,-79.4423237,15,3,King St W / Wilson Park Blvd
43.6554793,-79.4302462,8,6,Havelock St / Dewson St
43.686352,-79.415894,0,21,St Clair West Subway Station - Heath Entrance
43.6442457,-79.41610440000001,14,8,Queen St W / Shaw St
43.7741,-79.5005,0,15,York University Station (North)
43.683979,-79.410657,5,10,Spadina Rd / St.Clair Ave West
43.6472019,-79.3953394,3,12,Spadina Ave / Adelaide St W
43.6513927,-79.35794659999999,3,11,Cherry St / Mill St
43.6647688,-79.3772602,14,2,Jarvis St / Maitland Pl
43.6585504,-79.4497659,0,18,Randolph Ave / Perth Ave
43.6484201,-79.40051919999999,4,23,Wolseley St / Augusta Ave
43.693187,-79.314283,1,10,Lumsden Ave / Cedarvale Ave
43.6425791,-79.40011729999999,9,2,Niagara St / Portland St
43.6463574,-79.391206,0,10,Widmer St / King St W
43.6682342,-79.3702641,2,12,Wellesley St E / Parliament St
43.6791876,-79.39071899999999,7,8,Yonge St / Macpherson Ave
43.674446,-79.398331,10,5,Davenport Rd / Bedford Rd
43.6658804,-79.38761010000002,5,15,St. Joseph St / Bay St - SMART
43.68035,-79.28357,3,12,Victoria Park Ave / Kingston Rd
43.6535052,-79.3667689,11,8,Ontario St / Adelaide St E -SMART
43.702418581463505,-79.2563167072858,8,7,Highview Ave / Kennedy Rd
43.68824135931814,-79.27046628033244,10,5,Kingston Rd / Warden Ave
43.691688,-79.265027,5,10,Birchcliff Ave / Kingston Rd
43.697490048103,-79.25655146462776,5,10,Kingston Rd / Glen Everest Rd
43.69401297794256,-79.26257204548136,7,8,Birchmount Rd / Kingston Rd
43.6929478,-79.28339980000001,12,3,Pharmacy Ave / Danforth Ave
43.6950192,-79.27180659999999,4,10,Danforth Ave / Warden Ave
43.69263249999999,-79.4627536,0,17,Eglinton Ave W / Gilbert Ave
43.7105975,-79.2541175,7,8,Sharpe St / Park St (Sandown Park)
43.69415,-79.45782580000001,0,19,Eglinton Ave W / Prospect Cemetery
43.70163,-79.44099,0,18,Marlee Ave / York Beltline Trail
43.688028,-79.460265,2,10,Bert Robinson Park
43.68323,-79.455765,0,22,Rogers Rd / Prospect Cemetery
43.69466,-79.45376999999999,0,12,Eglinton Ave W / Ennerdale Rd
43.65016869999999,-79.4963345,10,8,Bloor St W / Old Mill Trl
43.6492,-79.50601999999999,0,15,Wendover Rd / Bloor St W (Green P)
43.6897656,-79.2939525,4,11,Luttrell Ave / Danforth Ave
43.6357643,-79.4674917,16,5,1926 Lake Shore Blvd W
43.62369169999999,-79.4838132,4,10,36 Park Lawn Rd
43.648657,-79.458111,7,7,Howard Park Ave / Parkside Dr
43.671293,-79.380471,10,13,Ted Rogers Way / Bloor St E
43.699327072589426,-79.4493630391668,0,14,Walter Saunders Park
43.63560589999999,-79.4934616,8,6,Park Lawn Rd / Berry Rd
43.7611741,-79.5114452,1,18,Tobermory Dr / Finch Corridor Trail
43.7603624,-79.5162777,1,18,Driftwood Ave / Finch Corridor Trail
43.62313,-79.4918,11,11,Grand Avenue Park
43.772445,-79.511912,0,14,The Pond Rd / Shoreham Dr
43.653359,-79.365023,10,2,Berkeley St / Adelaide St E - SMART
43.70643614257429,-79.25104443353288,2,9,Kingston Rd / Ridgemoor Ave
43.655972,-79.370638,13,1,Moss Park
43.641952,-79.380723,8,10,York St / Lake Shore Blvd W
43.6591529,-79.3947953,0,10,College St / Henry St 
43.669576,-79.375961,5,13,Sherbourne St / Isabella St
43.706466,-79.29511,13,6,Victoria Park Ave / Dawes Rd
43.646314469245205,-79.44879407014527,1,17,Roncesvalles Ave / Fermanagh Ave
43.65222662225532,-79.32295440954084,26,3,Tommy Thompson Park (Leslie Street Spit)
43.66526761605873,-79.47502122887077,10,3,St. John's Rd / Dundas St W
43.66554144421798,-79.41010317605742,8,7,Albany Ave / Bloor St W
43.77649016265579,-79.5085364909097,0,11,Pioneer Village Subway Station
43.65351799690878,-79.38591063795928,4,9,Armoury St / Chestnut St
43.673843560032594,-79.46092618902435,5,6,St. Clair Ave W / Osler St
43.647508351306186,-79.38604436555764,3,11,Simcoe St / King St W
43.71513211098082,-79.33413623320465,1,12,Grenoble Dr / Gateway Blvd
43.71649675774656,-79.33089439933623,1,14,Grenoble Dr / Deauville Ln
43.715537998967406,-79.32811427663442,0,11,Grenoble Dr / Vendome Pl
43.70400405297843,-79.34807015078738,1,12,Thorncliffe Park Dr / Leaside Park Trail
43.719632535237835,-79.33199950866776,1,18,Ferrand Dr / Rochefort Dr
43.70518328279426,-79.34224729962946,1,8,75 Thorncliffe Park Dr
43.70088225686968,-79.38736016665911,6,9,Mount Pleasant Rd / Davisville Ave - SMART
43.68688938028234,-79.40099513147447,10,4,St Clair Ave W / Avenue Rd 
43.63796,-79.387502,11,14,HTO Park (Queens Quay W)
43.65484215542248,-79.40351232494366,4,11,Nassau St / Bellevue Ave
43.6637,-79.400053,17,22,Huron St / Harbord St
43.662857,-79.44618,5,9,Ward St / Wallace Ave
43.643025055165865,-79.39430137761319,12,3,The Well
43.7482972,-79.47570569999999,0,20,60 Carl Hall Rd - SMART
43.63737145931921,-79.38976958703309,23,4,HTO Park West
43.73673829262113,-79.48227195568086,0,14,Downsview Park Blvd / Keele St  - SMART
43.753107,-79.479626,0,20,Downsview Park Subway Station - SMART
43.7494501,-79.4869662,0,16,Keele St / Dovehouse Ave - SMART
43.637695491830144,-79.42023184193503,10,2,Exhibition GO (Atlantic Ave)
43.64392767366328,-79.3687301736982,18,1,Queens Quay E / Lower Jarvis St 
43.650033,-79.396555,13,16,Phoebe St / Spadina Ave
43.639124514797004,-79.41423166721611,12,5,Lynn Williams St / Pirandello St 
43.640978,-79.376785,9,25,Bay St / Queens Quay W (Ferry Terminal)
43.658148,-79.398167,0,19,College St / Huron St
43.663162,-79.309765,19,7,Northern Dancer Blvd / Lake Shore Blvd E
43.67883,-79.408723,0,17,Spadina Rd / Austin Terrace
43.640132,-79.380464,2,54,York St / Queens Quay W
43.6451635,-79.3831757,16,2,Front St W / University Ave (1)
43.64817,-79.510392,4,10,Willingdon Blvd / Bloor St W (Green P)
43.661324,-79.449534,0,12,Wallace Ave / Symington Ave - SMART
43.66496415990742,-79.38355031526893,9,9,Wellesley Station Green P
43.663102,-79.373181,11,6,Sherbourne St / Carlton St (Allan Gardens)
43.6322445,-79.4108105,9,17,Ontario Place Blvd / Lake Shore Blvd W
43.655103,-79.389295,6,11,Simcoe St / Dundas St W - SMART
43.6563888888889,-79.4091666666667,3,14,College St / Markham St
43.637894,-79.454823,19,4,Sunnyside - Gus Ryder Pool
43.6535269,-79.4650569,10,12,Bloor St W / High Park Ave (High Park)
43.652686,-79.358395,12,2,Front St E / Cherry St
43.661152,-79.358505,8,11,Dundas St E / River St
43.659296,-79.358035,12,3,Shuter St/River St
43.667158,-79.402761,7,8,Madison Ave / Bloor St W
43.69362206784152,-79.27710529695892,2,13,Danforth Ave / Danforth Rd
43.72704086366749,-79.24391402446746,6,12,Brimley Rd / McCowan District Park
43.63735795888104,-79.43617975886079,1,11,King St W / Jameson Ave - SMART
43.73596719224253,-79.21995221481933,3,12,Parkcrest Dr / Kingston Rd
43.7154661,-79.2876595,6,13,Scarborough Soccer Centre
43.642904395956684,-79.43746059447746,3,9,Lansdowne Ave / Seaforth Ave 
43.70688,-79.26850999999999,0,14,Danforth Rd / Birchmount Rd 
43.697356080874876,-79.28528711019696,15,2,Pharmacy Ave / Teesdale Pl
43.70960859570095,-79.39915125005619,6,6,Yonge St / Montgomery Ave - SMART
43.71176278859601,-79.27028152889692,6,9,552 Birchmount Rd
43.671771,-79.324961,10,9,Highfield Rd / Gerrard St E
43.7110442448186,-79.29127313845584,7,7,Eastgate Cres / Pharmacy Ave 
43.7032112,-79.2787149,2,16,Firvalley Ct / Warden Ave
43.7128578,-79.2487086,7,8,Midland Ave / Kingston Rd
43.7323277855009,-79.22496619876934,1,17,Bellamy Rd S / Kingston Rd
43.669821695059376,-79.39444614603269,7,7,Avenue Rd / Cumberland St 
43.72690169821676,-79.22920396582664,6,9,Fenwood Ht / Kingston Rd
43.67794376009951,-79.39836278587889,6,9,Avenue Rd / Macpherson Ave 
43.64309687937765,-79.42875613770637,12,2,Dufferin St / Queen St W
43.6412561641921,-79.41502994047545,14,1,Shaw St / King St W
43.6476,-79.4015,9,5,Portland St / Queen St W
43.6962750705313,-79.39629396191867,5,17,Yonge St / Merton St 
43.70430959999999,-79.3972815,8,11,Soudan Ave / Yonge St 
43.69711160305226,-79.40537298227844,0,15,Avenue Rd / Oxton Ave 
43.68370788065334,-79.32262453633884,9,4,1612 Danforth Ave 
43.64299174164139,-79.42355911563249,13,7,Lisgar St / Queen St W - SMART
43.657275497390124,-79.32661544194183,15,3,Leslie St / Commissioners St  
43.68698672516659,-79.33478198280334,2,9,Greenwood Ave / Sammon Ave
43.65922918158098,-79.44320901022282,7,15,Lansdowne Subway Station
43.71161098023304,-79.28055565662231,7,12,Warden Subway Station
43.74531103700256,-79.20970650787817,1,13,Kingston Rd / Scarborough Golf Club Rd
43.647259,-79.379878,23,28,Wellington St W / Bay St
43.67036917803197,-79.32782698645094,12,3,Greenwood Ave / Gerrard St E
43.6458569,-79.3853654,19,7,Simcoe St / Wellington St W South
43.6509552,-79.3707,14,0,George St / King St E
43.649722,-79.416944,22,25,Dundas St W / Crawford St
43.66981064282057,-79.38801106873031,2,7,Bloor St W / Balmuto St
43.665278,-79.368333,1,13,Parliament St / Aberdeen Ave
43.6798678328407,-79.33424613862303,2,12,Chatham Ave / Byron Ave
43.71602024377182,-79.3047092517501,0,10,Wakunda Pl / O'Connor Dr
43.71101621552703,-79.30675743891624,7,8,Tiago Ave / Westview Blvd
43.70751755961952,-79.30252066313936,2,12,Plaxton Dr / St Clair Ave E
43.717678679534906,-79.29961580314475,0,17,Victoria Park Ave / Edge Park Ave
43.6603874468082,-79.39537831814152,2,14,Galbraith Rd / King's College Rd
43.6352007,-79.4187711,0,13,Exhibition GO Station
43.781877158752955,-79.41528502874928,5,12,Finch Subway Station 
43.70925763810859,-79.44169105036657,0,15,Glencairn Subway Station
43.70820992643782,-79.45627808717194,1,12,Glen Long Community Centre
43.70756436685646,-79.46571474966814,10,7,Caledonia Rd / Lotherton Pathway
43.68402031135697,-79.45297885330353,0,19,Harvie Ave / Rogers Rd
43.766663817888656,-79.18521765344238,13,5,Ling Rd / Morningside Ave
43.62052630763223,-79.48320224237995,9,8,Lake Shore Blvd W / Legion Rd
43.59841926031898,-79.51561102394257,3,7,Lake Shore Blvd W / Seventeenth St
43.645389479325615,-79.5276822170925,1,12,Mabelle Park
43.645658591546216,-79.52339938954925,2,13,Islington Subway Station (Aberfoyle Cres)
43.59445833196281,-79.53387390859834,9,2,Lake Shore Blvd W / Long Branch Ave
43.60191488118503,-79.49941888654288,14,0,Second St / Lake Shore Blvd W
43.64285244644315,-79.53199489206543,6,7,Bloor St W / Dundas St W (2)
43.70735572654095,-79.43723072209013,1,14,Viewmount Park
43.650077,-79.391291,11,9,Queen St W / John St
43.6460145694434,-79.39960497726345,1,14,Maud St / Adelaide St W
43.688153079245126,-79.48219789940566,2,21,York Recreation Centre
43.695498400279796,-79.48809394482672,0,15,Trethewey Dr / Black Creek Dr
43.698706949666914,-79.4756586460327,0,13,Keele St / Ingram Dr
43.6743457123134,-79.4948437786083,11,8,Jane St / Haney Ave
43.668510906505354,-79.5007648392868,2,12,Scarlett Rd / Eileen Ave
43.678276306636576,-79.50667332401198,11,4,Scarlett Rd / Old Scarlett Rd 
43.69143920681119,-79.46908634795456,1,17,Eglinton Ave W / Venn Cres
43.68189526215492,-79.4736382392868,2,20,Rogers Rd / Bicknell Ave
43.7023860650084,-79.52594758324148,0,14,Cruickshank Park
43.706191092397106,-79.53262795581969,0,13,Mallaby Park 
43.68735514096443,-79.50623313806341,2,16,Emmett Ave
43.69144464414302,-79.50154583869246,1,13,Jane St / Weston Rd
43.70673804962302,-79.50477543802873,1,14,Jane St / Queens Dr
43.69074600637147,-79.47820143344333,19,16,2700 Eglinton Ave W
43.6501644,-79.48296909999999,37,2,265 Armadale Ave
43.74386580997666,-79.49181654358595,0,15,Sentinel Rd / Sheppard Ave W
43.651922,-79.465693,1,22,High Park - West Rd
43.646251,-79.46472,20,3,High Park Amphitheatre
43.650154,-79.464934,3,22,High Park Outdoor Pool
43.72537884183677,-79.48719674218903,1,13,Humber River Hospital 
43.755583971122874,-79.47446032684479,0,18,Sheppard Ave W / Chesswood Dr
43.702340220597975,-79.50347389514123,0,14,Jane St / Lawrence Ave W
43.665304278965365,-79.39938263802871,6,9,Sussex Ave / St George St
43.75919330632997,-79.49001046850891,0,14,Keele St / Catford Rd
43.66273618779861,-79.36253100740966,9,11,Gerrard St E / Nasmith Ave 
43.644395,-79.40065430000001,19,13,King St W / Portland St - SMART
43.76073963892478,-79.5000273116394,0,15,Sentinel Rd / Finch Ave W
43.74751496038769,-79.5132569853195,5,9,Oakdale Community Centre
43.77086729028769,-79.49812990660705,2,12,The Pond Rd / Ian Macdonald Blvd
43.7063279,-79.3962499,17,3,75 Holly St
43.6518918789007,-79.40577861712723,4,19,Bathurst St / Dundas St W
43.659221843735615,-79.44277410244676,15,4,697 Lansdowne Ave 
43.75531728502427,-79.51704708227844,0,14,Jane St / Yewtree Blvd
43.73262849415089,-79.5381993243286,2,13,Weston Rd / Sheppard Ave W
43.7503016975738,-79.51577557434386,2,12,Jane St / Yorkwoods Gt
43.74845421407306,-79.5504039969242,0,14,Lindylou Rd / Lanyard Rd
43.76376964130183,-79.48809242593383,0,15,Tangiers Rd / Finch Ave W
43.72749778259739,-79.32714222209015,3,7,Wynford Heights Cres / Concorde Pl
43.72211166436462,-79.30864830919265,1,13,Bartley Park 
43.721761400691236,-79.2359137196434,3,7,Brooklawn Ave / Kingston Rd
43.668553,-79.338673,23,0,Gerrard Square Mall (1010 Gerrard St E)
43.6461,-79.3895,1,10,John St  / Mercer St - SMART
43.65748153286412,-79.38921396018827,1,15,University Ave / Gerrard St W - SMART(South)
43.759292283169536,-79.5183741465576,0,15,Jane St / Finch Ave W
43.62649329992186,-79.50358167641535,9,6,Uno Dr / The Queensway
43.656038841714505,-79.38970387738495,2,8,Simcoe St / Elm St
43.707555968595464,-79.34272024477463,3,15,Overlea Blvd / Thorncliffe Park Dr
43.66279594478841,-79.51959827976225,3,12,The Kingsway / Ashley Rd
43.660324268765464,-79.51154350422973,0,17,Dundas St W / Prince Edward Dr N
43.71024429599603,-79.39578744603273,2,12,60 Broadway Ave
43.72093164598881,-79.34989416350709,3,14,Opposite 1103 Leslie St
43.647547634759206,-79.39155200496292,6,4,Widmer St / Adelaide St W - SMART
43.63682856154585,-79.40884160367011,32,4,800 Fleet St (North)
43.63670985212708,-79.40880517790985,32,1,800 Fleet St (South)
43.661803,-79.389682,7,9,Queen's Park Cres E / Grosvenor St - SMART
43.712154792369496,-79.39425906322937,11,2,Erskine Ave / Redpath Ave
43.69105005197055,-79.43281746494293,0,15,Arlington Parkette
43.67115532642577,-79.46701597756929,1,13,Keele St / Lloyd Ave
43.675531973168354,-79.47199740066374,0,14,Gunns Rd / Lavender Creek Trail
43.6691099,-79.38551,18,7,20 Charles St E
43.64927890131737,-79.50312995581972,6,5,Bloor St W / Kingsmill Rd
43.670042134416704,-79.4789424818056,2,12,St Clair Ave W / Symes Rd
43.66335070995886,-79.41312798316125,3,7,Palmerston Blvd / Lennox St
43.6784834,-79.3513564,2,21,14 Arundel Ave
43.64659663170443,-79.37530913867988,2,17,Scott St / The Esplanade
43.626265,-79.476723,45,12,Humber Bay Shores Park / Marine Parade Dr
43.6649482,-79.40947,30,6,365 Lippincott St
43.70503461857136,-79.33547292037659,3,20,E.T Seton Park - South 
43.714305793017544,-79.36089045040129,7,6,Eglinton Ave E / Brentcliffe Rd
43.647968822765,-79.38316961352653,1,17,King St W / York St (2)
43.651885,-79.3649,27,4,King St E / Berkeley St
43.650297574961044,-79.36648460341635,3,11,Princess St / Front St E
43.662452744495575,-79.3978384219513,7,16,St. George St / Willcocks St
43.647043061824,-79.38314120681535,1,25,York St / Wellington St W (2)
43.644887,-79.45641169999999,8,7,High Park Blvd / Parkside Dr
43.662862,-79.383572,4,12,Yonge St / Alexander St - SMART
43.68233679999999,-79.4680594,0,14,Rogers Rd / Watt Ave
43.671946102001826,-79.37245115337294,1,16,Bloor St E / Parliament St
43.64843020000001,-79.38556559999999,4,13,University Ave / Pearl St 
43.64781808540915,-79.38427999073791,1,16,King St W / University Ave
43.64039672322004,-79.4237424131447,4,14,Joe Shuster Way / King St W 
43.727621709316395,-79.55254902939286,3,9,Albion Rd/ Arcot Blvd
43.721532966873205,-79.5455834809678,1,16,Armel Ct / Albion Rd
43.729578273586064,-79.54699793872719,13,1,75 Tandridge Cres
43.74445257991756,-79.56824985721664,3,12,Islington Ave / Finch Ave W
43.697417070558615,-79.50079830912324,1,18,Trethewey Dr / Jane St
43.64534,-79.409597,39,3,Niagara St / Richmond St W
43.64809661123633,-79.38864543439331,0,12,Duncan St / Adelaide St W - SMART
43.64286370000001,-79.40713060000002,15,9,Niagara St / King St W - SMART
43.67729,-79.35741,12,8,35 Erindale Ave
43.6772,-79.35858,4,9,Broadview Subway Station
43.6720273,-79.3470557,16,2,Logan Ave / Bain Ave
43.64643026333144,-79.3618163165329,18,9,Queens Quay E / Merchants' Wharf
43.654501,-79.460053,5,5,Parkside Dr / Bloor St W - SMART
43.657024,-79.377257,6,13,Church St / Dundas St E - SMART
43.70979296822595,-79.36389214460489,8,14,McRae Dr / Laird Dr - SMART
43.748713,-79.541808,5,8,Weston Rd / Lanyard Rd
43.707225,-79.345324,0,8,50 Overlea Blvd
43.64981903446256,-79.38641270251617,5,10,University Ave / Richmond St W
43.65052424212547,-79.38672702579497,2,15,University Ave / Queen St W
43.688526,-79.412903,0,14,Lonsdale Rd / Spadina Rd
43.63906470236988,-79.41080996164456,12,8,Strachan Ave / East Liberty St - SMART
43.65105290412541,-79.38764943227872,0,31,Simcoe St / Pullan Pl
43.649354475273796,-79.39675713332855,3,8,Spadina Ave / Bulwer St- SMART 
43.64827015761016,-79.35651733677065,0,15,Cherry St / Lake Shore Blvd E
43.639522754211804,-79.43395976815727,11,4,Dunn Ave / Queen St W
43.6799477790745,-79.38994813684005,3,8,15 Price St 
43.66018127636866,-79.39083271520538,3,20,Queens Park Cres / College St 
43.6469251,-79.3733192,19,0,Church St / The Esplanade
43.6493472,-79.42668,0,5,Lisgar St / Dundas St W - SMART
43.72814640000001,-79.4032194,0,12,Yonge St / Woburn Ave - SMART
43.655350778457056,-79.38345966759798,21,32,Bay St / Dundas St W
43.653264,-79.382458,28,33,Bay St / Albert St
43.673391524931525,-79.47798367814572,0,16,Symes Rd / Glen Scarlett Rd - SMART
43.661601650964336,-79.33894582857273,11,0,Boston Ave / Queen St E- SMART
43.66834,-79.38235,11,15,Isabella St / Church St
43.663912,-79.416124,0,42,Bloor St W / Manning Ave - SMART
43.6408346,-79.3429074,12,16,Cherry Beach Sports Fields (55 Unwin Ave)
43.662712,-79.379903,10,17,Church St  / Wood St
43.707582,-79.311439,1,9,O'Connor Dr / Curity Ave - Smart
43.669969,-79.386532,0,19,Yonge St / Bloor St
43.6570908165693,-79.38593668834272,11,11,Elizabeth St / Elm St
43.591410003452495,-79.54418190344097,4,10,Lake Shore Blvd W / Brow Dr
43.70241717215276,-79.36175932936095,6,7,Millwood Rd / Southvale Dr
43.75921143833388,-79.40960364801701,9,0,19 Glendora Ave
43.64089724173822,-79.43283582518329,15,3,Queen St W / Cowan Ave
43.646552,-79.399586,6,4,St. Andrew's Playground Park
43.652169,-79.362841,14,5,51 Parliament St
43.650945,-79.379498,11,44,Temperance St Station
43.67665014253828,-79.44503029755326,1,38,91 Via Italia
43.676184561302776,-79.38962496400146,7,7,Ramsden Park
43.660439,-79.385525,4,26,Bay St / College St (East Side)
43.660087,-79.385655,1,14,Bay St / College St (West Side) - SMART
43.657192,-79.452559,9,3,Dundas St W / Edna Ave
43.651118,-79.369411,36,9,Frederick St / King St E
43.65082785552666,-79.39698099821702,10,11,Spadina Ave / Sullivan St
43.65011637593798,-79.37953068860327,5,9,Adelaide St W / Bay St ( South )
43.65038002325664,-79.3787277120385,2,17,Adelaide St W / Yonge St
43.651238,-79.43868,1,12,St Clarens Ave / College St
43.6423847,-79.4240277,0,34,Lisgar Park
43.643834,-79.396649,8,5,420 Wellington St W
43.650152,-79.379856,18,5,Adelaide St W / Bay St
43.7078691,-79.39248,13,15,Eglinton Ave E / Redpath Ave
43.6712581,-79.376367,9,22,Howard St / Sherbourne St
43.649649714291584,-79.39372141352654,7,8,Soho St / Queen St W
43.64290167152932,-79.39937033134326,5,10,Portland St / Wellington St W
43.63467323676012,-79.40897321886649,8,8,Princes' Gates
43.70607287248461,-79.39356161653288,2,30,Lillian St / Soudan Ave 
43.639547,-79.420022,11,3,Hanna Ave / Snooker St
43.667819,-79.35347,12,3,Riverdale Park South (Broadview Ave)
43.635007,-79.403341,8,7,Coronation Park (Martin Goodman Trail)
43.70512126615395,-79.3890271081274,3,12,Hillsdale Ave E / Mount Pleasant Rd
43.65995363518053,-79.41787388888551,12,10,Harbord St / Grace St (Bickford Park)
43.65231552304792,-79.39091185000235,10,13,OCAD University
43.64235480340359,-79.39519751877137,7,10,Front St W / Spadina Ave
43.64314139337404,-79.42728015945511,4,10,Gladstone Ave / Queen St W
43.655431,-79.380653,12,6,Toronto Eaton Centre (Yonge St) - SMART
43.6467917,-79.4030281,6,8,Richmond St W / Bathurst St
43.788525214554085,-79.1231844760227,11,7,Starspray Blvd / Lawrence Ave E
43.6672144,-79.3452697,14,7,Logan Ave / Gerrard St E
43.65907064983235,-79.35240134225845,18,1,Thompson St / Carroll St
43.64654941401018,-79.41558900317995,21,2,Crawford St / Lobb Ave
43.638608601636705,-79.41965437361068,13,4,Hanna Ave / Liberty St
43.63781903961206,-79.40013176752855,9,13,Bathurst St / Housey St
43.64572868466845,-79.40990680181771,6,3,Niagara St / Queen St W 
43.6668334195837,-79.38120391054117,3,9,519 Church St
43.6491919790139,-79.38363237427446,10,9,Adelaide St W / York St 
43.65505698168995,-79.37651024603271,13,1,Church St / Shuter St
43.65378337432506,-79.36335973372954,16,7,Adelaide St E / Parliament St
43.658739,-79.440691,9,13,Emerson Ave / Bloor St W
43.6662047,-79.37901219999999,10,13,Wellesley St E / Jarvis St
43.75404854399297,-79.2553167552948,4,31,Brimley Rd / Lawrence Ave E 
43.61868,-79.48674,11,4,2300 Lakeshore Blvd W
43.716652,-79.399993,3,12,Blythwood Rd / Yonge St - SMART
43.6506,-79.381285,6,17,Temperance St / Bay St
43.76174092019504,-79.24473961415558,6,5,Benshire Dr / The Meadoway
43.76507271818177,-79.23835381614684,6,9,Bellamy Rd N / The Meadoway
43.77121894873629,-79.22956526983644,4,14,Markham Rd / The Meadoway 
43.6544839,-79.34105699999999,5,17,25 Booth Ave
43.73003601845614,-79.2920036521843,19,0,Centennial College (Ashtonbee Campus)
43.77682938751077,-79.2305003612381,4,5,Ellesmere Rd / Markham Rd
43.64570236705167,-79.41933192053696,9,6,Ossington Ave / Bruce St
43.648711,-79.389728,27,2,Nelson St / Duncan St
43.641529,-79.386741,9,40,Bremner Blvd / Rees St
43.77327261711258,-79.21971485277862,5,10,Slan Ave / Scarborough Golf Club Rd
43.64101663053319,-79.38035903750381,6,7,York St / Harbour St (Love Park)
43.744208202155754,-79.21564636613158,5,6,Cedar Dr / Eglinton Ave E
43.63758782904466,-79.40314232209015,6,13,Fort York Blvd / Grand Magazine St
43.74190570940633,-79.27181887640458,1,10,Kennedy Rd/Ranstone Gdns (Jack Goodlad Park)
43.736952572933866,-79.24798367249146,8,11,Eglinton Ave E / Brimley Rd
43.65945682499,-79.38236466864778,7,11,College Park South
43.70587454662511,-79.36800595602851,4,10,165 McRae Dr
43.67348899977229,-79.41339520555726,2,13,Albany Ave / Dupont St
